[{"call_number":"01521521","surname":"Maximillian Noone","id":0,"aGT":false,"kfCe":false,"kfBRmG":false,"bedMotSag":false},{"call_number":"01531531","surname":"Musterina Nina","id":0,"aGT":false,"kfCe":false,"kfBRmG":false,"bedMotSag":false},{"call_number":"01560156","surname":"Misty Testi","id":0,"aGT":false,"kfCe":false,"kfBRmG":false,"bedMotSag":false},{"call_number":"01522522","surname":"wennichen menschwaere","id":7377,"unit_type":"TZ","aGT":true,"kfCe":false,"kfBRmG":true,"bedMotSag":false},{"call_number":"01352465","surname":"john doe","id":0,"aGT":false,"kfCe":false,"kfBRmG":false,"bedMotSag":false},{"call_number":"0123852","surname":"jane doe","id":0,"unit_type":"TZ","aGT":false,"kfCe":true,"kfBRmG":true,"bedMotSag":false}]