[{"call_number":"01531531","surname":"MusterinaNina","id":0,"aGT":false,"kfCe":false,"kfBRmG":false,"bedMotSag":false},{"call_number":"0123852","surname":"janedoe","id":0,"unit_type":"TZ","aGT":false,"kfCe":true,"kfBRmG":true,"bedMotSag":false},{"call_number":"01521521","surname":"MaximillianNoone","id":0,"aGT":false,"kfCe":false,"kfBRmG":false,"bedMotSag":false},{"call_number":"01522522","surname":"wennichenmenschwaere","id":7377,"unit_type":"TZ","aGT":true,"kfCe":false,"kfBRmG":true,"bedMotSag":false},{"call_number":"01352465","surname":"johndoe","id":0,"aGT":false,"kfCe":false,"kfBRmG":false,"bedMotSag":false},{"call_number":"22556633114479","surname":"walid","id":2908,"unit_type":"TZ","aGT":true,"kfCe":true,"kfBRmG":false,"bedMotSag":false},{"call_number":"01560156","surname":"MistyTesti","id":0,"aGT":false,"kfCe":false,"kfBRmG":false,"bedMotSag":false}]